file,algorithm,num_states,compressedsize_mb,mem_mb,time_sec
ltsbenchmarks/vlts-benchmarks/vasy_8082_42933/vasy_8082_42933.boa,nlogn,8082905,263.74010372161865,731.390625,4.7
ltsbenchmarks/vlts-benchmarks/vasy_8082_42933/vasy_8082_42933.boa,nlogn,8082905,263.74010372161865,732.3203125,4.77
ltsbenchmarks/vlts-benchmarks/vasy_8082_42933/vasy_8082_42933.boa,nlogn,8082905,263.74010372161865,735.9453125,4.69
ltsbenchmarks/vlts-benchmarks/vasy_8082_42933/vasy_8082_42933.boa,nlogn,8082905,263.74010372161865,731.37890625,4.56
ltsbenchmarks/vlts-benchmarks/vasy_8082_42933/vasy_8082_42933.boa,nlogn,8082905,263.74010372161865,730.90625,4.54
ltsbenchmarks/vlts-benchmarks/vasy_8082_42933/vasy_8082_42933.boa,nlogn,8082905,263.74010372161865,731.99609375,4.62
ltsbenchmarks/vlts-benchmarks/vasy_8082_42933/vasy_8082_42933.boa,nlogn,8082905,263.74010372161865,732.078125,4.7
ltsbenchmarks/vlts-benchmarks/vasy_8082_42933/vasy_8082_42933.boa,nlogn,8082905,263.74010372161865,731.37890625,5.8
ltsbenchmarks/vlts-benchmarks/vasy_8082_42933/vasy_8082_42933.boa,nlogn,8082905,263.74010372161865,723.21875,5.65
ltsbenchmarks/vlts-benchmarks/vasy_8082_42933/vasy_8082_42933.boa,nlogn,8082905,263.74010372161865,757.40234375,5.42
ltsbenchmarks/vlts-benchmarks/cwi_2165_8723/cwi_2165_8723.boa,nlogn,2165446,43.66331768035889,166.13671875,2.04
ltsbenchmarks/vlts-benchmarks/cwi_2165_8723/cwi_2165_8723.boa,nlogn,2165446,43.66331768035889,172.7578125,2.02
ltsbenchmarks/vlts-benchmarks/cwi_2165_8723/cwi_2165_8723.boa,nlogn,2165446,43.66331768035889,168.2109375,2.13
ltsbenchmarks/vlts-benchmarks/cwi_2165_8723/cwi_2165_8723.boa,nlogn,2165446,43.66331768035889,164.59375,2.18
ltsbenchmarks/vlts-benchmarks/cwi_2165_8723/cwi_2165_8723.boa,nlogn,2165446,43.66331768035889,164.56640625,2.2
ltsbenchmarks/vlts-benchmarks/cwi_2165_8723/cwi_2165_8723.boa,nlogn,2165446,43.66331768035889,172.75390625,2.12
ltsbenchmarks/vlts-benchmarks/cwi_2165_8723/cwi_2165_8723.boa,nlogn,2165446,43.66331768035889,166.13671875,2.32
ltsbenchmarks/vlts-benchmarks/cwi_2165_8723/cwi_2165_8723.boa,nlogn,2165446,43.66331768035889,167.06640625,2.14
ltsbenchmarks/vlts-benchmarks/cwi_2165_8723/cwi_2165_8723.boa,nlogn,2165446,43.66331768035889,164.49609375,2.14
ltsbenchmarks/vlts-benchmarks/cwi_2165_8723/cwi_2165_8723.boa,nlogn,2165446,43.66331768035889,160.55078125,2.19
ltsbenchmarks/vlts-benchmarks/cwi_33949_165318/cwi_33949_165318.boa,nlogn,33949609,820.6770467758179,2776.44140625,41.39
ltsbenchmarks/vlts-benchmarks/cwi_33949_165318/cwi_33949_165318.boa,nlogn,33949609,820.6770467758179,2680.421875,39.09
ltsbenchmarks/vlts-benchmarks/cwi_33949_165318/cwi_33949_165318.boa,nlogn,33949609,820.6770467758179,2873.6953125,39.87
ltsbenchmarks/vlts-benchmarks/cwi_33949_165318/cwi_33949_165318.boa,nlogn,33949609,820.6770467758179,2679.77734375,38.45
ltsbenchmarks/vlts-benchmarks/cwi_33949_165318/cwi_33949_165318.boa,nlogn,33949609,820.6770467758179,2775.77734375,36.09
ltsbenchmarks/vlts-benchmarks/cwi_33949_165318/cwi_33949_165318.boa,nlogn,33949609,820.6770467758179,2873.6796875,36.2
ltsbenchmarks/vlts-benchmarks/cwi_33949_165318/cwi_33949_165318.boa,nlogn,33949609,820.6770467758179,2712.71875,38.51
ltsbenchmarks/vlts-benchmarks/cwi_33949_165318/cwi_33949_165318.boa,nlogn,33949609,820.6770467758179,2712.02734375,38.91
ltsbenchmarks/vlts-benchmarks/cwi_33949_165318/cwi_33949_165318.boa,nlogn,33949609,820.6770467758179,2712.01953125,39.03
ltsbenchmarks/vlts-benchmarks/cwi_33949_165318/cwi_33949_165318.boa,nlogn,33949609,820.6770467758179,2680.16796875,38.76
ltsbenchmarks/vlts-benchmarks/vasy_52_318/vasy_52_318.boa,nlogn,52268,1.5682544708251953,6.5546875,0.06
ltsbenchmarks/vlts-benchmarks/vasy_52_318/vasy_52_318.boa,nlogn,52268,1.5682544708251953,6.5625,0.06
ltsbenchmarks/vlts-benchmarks/vasy_52_318/vasy_52_318.boa,nlogn,52268,1.5682544708251953,6.55078125,0.06
ltsbenchmarks/vlts-benchmarks/vasy_52_318/vasy_52_318.boa,nlogn,52268,1.5682544708251953,6.515625,0.06
ltsbenchmarks/vlts-benchmarks/vasy_52_318/vasy_52_318.boa,nlogn,52268,1.5682544708251953,6.55078125,0.06
ltsbenchmarks/vlts-benchmarks/vasy_52_318/vasy_52_318.boa,nlogn,52268,1.5682544708251953,6.5546875,0.06
ltsbenchmarks/vlts-benchmarks/vasy_52_318/vasy_52_318.boa,nlogn,52268,1.5682544708251953,6.5546875,0.06
ltsbenchmarks/vlts-benchmarks/vasy_52_318/vasy_52_318.boa,nlogn,52268,1.5682544708251953,6.390625,0.06
ltsbenchmarks/vlts-benchmarks/vasy_52_318/vasy_52_318.boa,nlogn,52268,1.5682544708251953,6.52734375,0.06
ltsbenchmarks/vlts-benchmarks/vasy_52_318/vasy_52_318.boa,nlogn,52268,1.5682544708251953,6.55078125,0.06
ltsbenchmarks/vlts-benchmarks/vasy_0_1/vasy_0_1.boa,nlogn,289,0.007576942443847656,1.4765625,0.0
ltsbenchmarks/vlts-benchmarks/vasy_0_1/vasy_0_1.boa,nlogn,289,0.007576942443847656,1.48046875,0.0
ltsbenchmarks/vlts-benchmarks/vasy_0_1/vasy_0_1.boa,nlogn,289,0.007576942443847656,1.4765625,0.0
ltsbenchmarks/vlts-benchmarks/vasy_0_1/vasy_0_1.boa,nlogn,289,0.007576942443847656,1.48046875,0.0
ltsbenchmarks/vlts-benchmarks/vasy_0_1/vasy_0_1.boa,nlogn,289,0.007576942443847656,1.4765625,0.0
ltsbenchmarks/vlts-benchmarks/vasy_0_1/vasy_0_1.boa,nlogn,289,0.007576942443847656,1.48046875,0.0
ltsbenchmarks/vlts-benchmarks/vasy_0_1/vasy_0_1.boa,nlogn,289,0.007576942443847656,1.47265625,0.0
ltsbenchmarks/vlts-benchmarks/vasy_0_1/vasy_0_1.boa,nlogn,289,0.007576942443847656,1.47265625,0.0
ltsbenchmarks/vlts-benchmarks/vasy_0_1/vasy_0_1.boa,nlogn,289,0.007576942443847656,1.4765625,0.0
ltsbenchmarks/vlts-benchmarks/vasy_0_1/vasy_0_1.boa,nlogn,289,0.007576942443847656,1.484375,0.0
ltsbenchmarks/vlts-benchmarks/vasy_4220_13944/vasy_4220_13944.boa,nlogn,4220790,91.11107158660889,316.15625,3.31
ltsbenchmarks/vlts-benchmarks/vasy_4220_13944/vasy_4220_13944.boa,nlogn,4220790,91.11107158660889,316.078125,3.27
ltsbenchmarks/vlts-benchmarks/vasy_4220_13944/vasy_4220_13944.boa,nlogn,4220790,91.11107158660889,300.97265625,3.28
ltsbenchmarks/vlts-benchmarks/vasy_4220_13944/vasy_4220_13944.boa,nlogn,4220790,91.11107158660889,305.91796875,3.11
ltsbenchmarks/vlts-benchmarks/vasy_4220_13944/vasy_4220_13944.boa,nlogn,4220790,91.11107158660889,316.01171875,2.85
ltsbenchmarks/vlts-benchmarks/vasy_4220_13944/vasy_4220_13944.boa,nlogn,4220790,91.11107158660889,316.18359375,2.81
ltsbenchmarks/vlts-benchmarks/vasy_4220_13944/vasy_4220_13944.boa,nlogn,4220790,91.11107158660889,310.03125,2.82
ltsbenchmarks/vlts-benchmarks/vasy_4220_13944/vasy_4220_13944.boa,nlogn,4220790,91.11107158660889,316.88671875,3.03
ltsbenchmarks/vlts-benchmarks/vasy_4220_13944/vasy_4220_13944.boa,nlogn,4220790,91.11107158660889,300.25,3.0
ltsbenchmarks/vlts-benchmarks/vasy_4220_13944/vasy_4220_13944.boa,nlogn,4220790,91.11107158660889,316.03515625,3.24
ltsbenchmarks/vlts-benchmarks/vasy_4338_15666/vasy_4338_15666.boa,nlogn,4338672,103.96933364868164,371.26953125,4.01
ltsbenchmarks/vlts-benchmarks/vasy_4338_15666/vasy_4338_15666.boa,nlogn,4338672,103.96933364868164,390.46875,3.99
ltsbenchmarks/vlts-benchmarks/vasy_4338_15666/vasy_4338_15666.boa,nlogn,4338672,103.96933364868164,367.83203125,3.96
ltsbenchmarks/vlts-benchmarks/vasy_4338_15666/vasy_4338_15666.boa,nlogn,4338672,103.96933364868164,364.24609375,4.02
ltsbenchmarks/vlts-benchmarks/vasy_4338_15666/vasy_4338_15666.boa,nlogn,4338672,103.96933364868164,347.84765625,4.0
ltsbenchmarks/vlts-benchmarks/vasy_4338_15666/vasy_4338_15666.boa,nlogn,4338672,103.96933364868164,364.71875,4.04
ltsbenchmarks/vlts-benchmarks/vasy_4338_15666/vasy_4338_15666.boa,nlogn,4338672,103.96933364868164,385.65625,3.98
ltsbenchmarks/vlts-benchmarks/vasy_4338_15666/vasy_4338_15666.boa,nlogn,4338672,103.96933364868164,378.3203125,4.02
ltsbenchmarks/vlts-benchmarks/vasy_4338_15666/vasy_4338_15666.boa,nlogn,4338672,103.96933364868164,374.0625,3.97
ltsbenchmarks/vlts-benchmarks/vasy_4338_15666/vasy_4338_15666.boa,nlogn,4338672,103.96933364868164,352.93359375,4.02
ltsbenchmarks/vlts-benchmarks/vasy_720_390/vasy_720_390.boa,nlogn,720247,2.552774429321289,31.47265625,0.06
ltsbenchmarks/vlts-benchmarks/vasy_720_390/vasy_720_390.boa,nlogn,720247,2.552774429321289,30.77734375,0.06
ltsbenchmarks/vlts-benchmarks/vasy_720_390/vasy_720_390.boa,nlogn,720247,2.552774429321289,31.17578125,0.06
ltsbenchmarks/vlts-benchmarks/vasy_720_390/vasy_720_390.boa,nlogn,720247,2.552774429321289,30.70703125,0.06
ltsbenchmarks/vlts-benchmarks/vasy_720_390/vasy_720_390.boa,nlogn,720247,2.552774429321289,30.9375,0.06
ltsbenchmarks/vlts-benchmarks/vasy_720_390/vasy_720_390.boa,nlogn,720247,2.552774429321289,31.4921875,0.06
ltsbenchmarks/vlts-benchmarks/vasy_720_390/vasy_720_390.boa,nlogn,720247,2.552774429321289,31.0625,0.06
ltsbenchmarks/vlts-benchmarks/vasy_720_390/vasy_720_390.boa,nlogn,720247,2.552774429321289,31.0625,0.06
ltsbenchmarks/vlts-benchmarks/vasy_720_390/vasy_720_390.boa,nlogn,720247,2.552774429321289,32.2890625,0.06
ltsbenchmarks/vlts-benchmarks/vasy_720_390/vasy_720_390.boa,nlogn,720247,2.552774429321289,31.484375,0.06
ltsbenchmarks/vlts-benchmarks/vasy_386_1171/vasy_386_1171.boa,nlogn,386496,5.957977294921875,27.24609375,0.11
ltsbenchmarks/vlts-benchmarks/vasy_386_1171/vasy_386_1171.boa,nlogn,386496,5.957977294921875,27.68359375,0.11
ltsbenchmarks/vlts-benchmarks/vasy_386_1171/vasy_386_1171.boa,nlogn,386496,5.957977294921875,27.6953125,0.11
ltsbenchmarks/vlts-benchmarks/vasy_386_1171/vasy_386_1171.boa,nlogn,386496,5.957977294921875,27.65625,0.11
ltsbenchmarks/vlts-benchmarks/vasy_386_1171/vasy_386_1171.boa,nlogn,386496,5.957977294921875,27.55859375,0.11
ltsbenchmarks/vlts-benchmarks/vasy_386_1171/vasy_386_1171.boa,nlogn,386496,5.957977294921875,27.69921875,0.12
ltsbenchmarks/vlts-benchmarks/vasy_386_1171/vasy_386_1171.boa,nlogn,386496,5.957977294921875,27.671875,0.11
ltsbenchmarks/vlts-benchmarks/vasy_386_1171/vasy_386_1171.boa,nlogn,386496,5.957977294921875,26.5546875,0.11
ltsbenchmarks/vlts-benchmarks/vasy_386_1171/vasy_386_1171.boa,nlogn,386496,5.957977294921875,27.6796875,0.11
ltsbenchmarks/vlts-benchmarks/vasy_386_1171/vasy_386_1171.boa,nlogn,386496,5.957977294921875,26.015625,0.11
ltsbenchmarks/vlts-benchmarks/cwi_566_3984/cwi_566_3984.boa,nlogn,566640,19.539795875549316,61.05078125,0.6
ltsbenchmarks/vlts-benchmarks/cwi_566_3984/cwi_566_3984.boa,nlogn,566640,19.539795875549316,58.6328125,0.61
ltsbenchmarks/vlts-benchmarks/cwi_566_3984/cwi_566_3984.boa,nlogn,566640,19.539795875549316,60.80078125,0.6
ltsbenchmarks/vlts-benchmarks/cwi_566_3984/cwi_566_3984.boa,nlogn,566640,19.539795875549316,58.6328125,0.61
ltsbenchmarks/vlts-benchmarks/cwi_566_3984/cwi_566_3984.boa,nlogn,566640,19.539795875549316,61.0546875,0.6
ltsbenchmarks/vlts-benchmarks/cwi_566_3984/cwi_566_3984.boa,nlogn,566640,19.539795875549316,60.81640625,0.6
ltsbenchmarks/vlts-benchmarks/cwi_566_3984/cwi_566_3984.boa,nlogn,566640,19.539795875549316,59.01171875,0.61
ltsbenchmarks/vlts-benchmarks/cwi_566_3984/cwi_566_3984.boa,nlogn,566640,19.539795875549316,60.8515625,0.6
ltsbenchmarks/vlts-benchmarks/cwi_566_3984/cwi_566_3984.boa,nlogn,566640,19.539795875549316,58.4921875,0.6
ltsbenchmarks/vlts-benchmarks/cwi_566_3984/cwi_566_3984.boa,nlogn,566640,19.539795875549316,58.4921875,0.6
ltsbenchmarks/vlts-benchmarks/cwi_371_641/cwi_371_641.boa,nlogn,371804,3.4152650833129883,22.83203125,0.15
ltsbenchmarks/vlts-benchmarks/cwi_371_641/cwi_371_641.boa,nlogn,371804,3.4152650833129883,21.63671875,0.15
ltsbenchmarks/vlts-benchmarks/cwi_371_641/cwi_371_641.boa,nlogn,371804,3.4152650833129883,22.14453125,0.15
ltsbenchmarks/vlts-benchmarks/cwi_371_641/cwi_371_641.boa,nlogn,371804,3.4152650833129883,22.80859375,0.15
ltsbenchmarks/vlts-benchmarks/cwi_371_641/cwi_371_641.boa,nlogn,371804,3.4152650833129883,21.55859375,0.15
ltsbenchmarks/vlts-benchmarks/cwi_371_641/cwi_371_641.boa,nlogn,371804,3.4152650833129883,22.84375,0.15
ltsbenchmarks/vlts-benchmarks/cwi_371_641/cwi_371_641.boa,nlogn,371804,3.4152650833129883,22.76953125,0.15
ltsbenchmarks/vlts-benchmarks/cwi_371_641/cwi_371_641.boa,nlogn,371804,3.4152650833129883,22.16015625,0.15
ltsbenchmarks/vlts-benchmarks/cwi_371_641/cwi_371_641.boa,nlogn,371804,3.4152650833129883,22.71484375,0.15
ltsbenchmarks/vlts-benchmarks/cwi_371_641/cwi_371_641.boa,nlogn,371804,3.4152650833129883,22.85546875,0.15
ltsbenchmarks/vlts-benchmarks/vasy_6020_19353/vasy_6020_19353.boa,nlogn,6020550,221.11984062194824,517.05859375,6.54
ltsbenchmarks/vlts-benchmarks/vasy_6020_19353/vasy_6020_19353.boa,nlogn,6020550,221.11984062194824,516.0703125,6.54
ltsbenchmarks/vlts-benchmarks/vasy_6020_19353/vasy_6020_19353.boa,nlogn,6020550,221.11984062194824,534.16015625,6.57
ltsbenchmarks/vlts-benchmarks/vasy_6020_19353/vasy_6020_19353.boa,nlogn,6020550,221.11984062194824,532.1015625,6.65
ltsbenchmarks/vlts-benchmarks/vasy_6020_19353/vasy_6020_19353.boa,nlogn,6020550,221.11984062194824,518.0625,6.58
ltsbenchmarks/vlts-benchmarks/vasy_6020_19353/vasy_6020_19353.boa,nlogn,6020550,221.11984062194824,516.828125,6.43
ltsbenchmarks/vlts-benchmarks/vasy_6020_19353/vasy_6020_19353.boa,nlogn,6020550,221.11984062194824,534.1484375,6.49
ltsbenchmarks/vlts-benchmarks/vasy_6020_19353/vasy_6020_19353.boa,nlogn,6020550,221.11984062194824,516.06640625,6.55
ltsbenchmarks/vlts-benchmarks/vasy_6020_19353/vasy_6020_19353.boa,nlogn,6020550,221.11984062194824,531.96875,6.43
ltsbenchmarks/vlts-benchmarks/vasy_6020_19353/vasy_6020_19353.boa,nlogn,6020550,221.11984062194824,532.0703125,6.47
ltsbenchmarks/vlts-benchmarks/vasy_116_368/vasy_116_368.boa,nlogn,116456,1.869999885559082,15.16015625,0.09
ltsbenchmarks/vlts-benchmarks/vasy_116_368/vasy_116_368.boa,nlogn,116456,1.869999885559082,15.09765625,0.09
ltsbenchmarks/vlts-benchmarks/vasy_116_368/vasy_116_368.boa,nlogn,116456,1.869999885559082,15.08984375,0.09
ltsbenchmarks/vlts-benchmarks/vasy_116_368/vasy_116_368.boa,nlogn,116456,1.869999885559082,15.40625,0.09
ltsbenchmarks/vlts-benchmarks/vasy_116_368/vasy_116_368.boa,nlogn,116456,1.869999885559082,15.2421875,0.09
ltsbenchmarks/vlts-benchmarks/vasy_116_368/vasy_116_368.boa,nlogn,116456,1.869999885559082,15.66796875,0.09
ltsbenchmarks/vlts-benchmarks/vasy_116_368/vasy_116_368.boa,nlogn,116456,1.869999885559082,15.53125,0.08
ltsbenchmarks/vlts-benchmarks/vasy_116_368/vasy_116_368.boa,nlogn,116456,1.869999885559082,15.12890625,0.09
ltsbenchmarks/vlts-benchmarks/vasy_116_368/vasy_116_368.boa,nlogn,116456,1.869999885559082,15.28125,0.09
ltsbenchmarks/vlts-benchmarks/vasy_116_368/vasy_116_368.boa,nlogn,116456,1.869999885559082,15.2421875,0.09
ltsbenchmarks/vlts-benchmarks/vasy_2581_11442/vasy_2581_11442.boa,nlogn,2581374,74.17655181884766,272.77734375,3.04
ltsbenchmarks/vlts-benchmarks/vasy_2581_11442/vasy_2581_11442.boa,nlogn,2581374,74.17655181884766,260.2265625,3.01
ltsbenchmarks/vlts-benchmarks/vasy_2581_11442/vasy_2581_11442.boa,nlogn,2581374,74.17655181884766,277.21484375,3.04
ltsbenchmarks/vlts-benchmarks/vasy_2581_11442/vasy_2581_11442.boa,nlogn,2581374,74.17655181884766,277.6171875,3.08
ltsbenchmarks/vlts-benchmarks/vasy_2581_11442/vasy_2581_11442.boa,nlogn,2581374,74.17655181884766,273.9296875,3.05
ltsbenchmarks/vlts-benchmarks/vasy_2581_11442/vasy_2581_11442.boa,nlogn,2581374,74.17655181884766,277.125,3.05
ltsbenchmarks/vlts-benchmarks/vasy_2581_11442/vasy_2581_11442.boa,nlogn,2581374,74.17655181884766,260.42578125,3.04
ltsbenchmarks/vlts-benchmarks/vasy_2581_11442/vasy_2581_11442.boa,nlogn,2581374,74.17655181884766,269.61328125,3.04
ltsbenchmarks/vlts-benchmarks/vasy_2581_11442/vasy_2581_11442.boa,nlogn,2581374,74.17655181884766,259.60546875,3.04
ltsbenchmarks/vlts-benchmarks/vasy_2581_11442/vasy_2581_11442.boa,nlogn,2581374,74.17655181884766,274.28125,2.83
ltsbenchmarks/vlts-benchmarks/vasy_40_60/vasy_40_60.boa,nlogn,40006,0.32575321197509766,5.5234375,0.02
ltsbenchmarks/vlts-benchmarks/vasy_40_60/vasy_40_60.boa,nlogn,40006,0.32575321197509766,5.52734375,0.02
ltsbenchmarks/vlts-benchmarks/vasy_40_60/vasy_40_60.boa,nlogn,40006,0.32575321197509766,5.5234375,0.02
ltsbenchmarks/vlts-benchmarks/vasy_40_60/vasy_40_60.boa,nlogn,40006,0.32575321197509766,5.37109375,0.02
ltsbenchmarks/vlts-benchmarks/vasy_40_60/vasy_40_60.boa,nlogn,40006,0.32575321197509766,5.32421875,0.01
ltsbenchmarks/vlts-benchmarks/vasy_40_60/vasy_40_60.boa,nlogn,40006,0.32575321197509766,5.52734375,0.02
ltsbenchmarks/vlts-benchmarks/vasy_40_60/vasy_40_60.boa,nlogn,40006,0.32575321197509766,5.3671875,0.02
ltsbenchmarks/vlts-benchmarks/vasy_40_60/vasy_40_60.boa,nlogn,40006,0.32575321197509766,5.3671875,0.02
ltsbenchmarks/vlts-benchmarks/vasy_40_60/vasy_40_60.boa,nlogn,40006,0.32575321197509766,5.52734375,0.02
ltsbenchmarks/vlts-benchmarks/vasy_40_60/vasy_40_60.boa,nlogn,40006,0.32575321197509766,5.52734375,0.01
ltsbenchmarks/vlts-benchmarks/vasy_65_2621/vasy_65_2621.boa,nlogn,65537,12.564156532287598,28.10546875,0.17
ltsbenchmarks/vlts-benchmarks/vasy_65_2621/vasy_65_2621.boa,nlogn,65537,12.564156532287598,28.0390625,0.16
ltsbenchmarks/vlts-benchmarks/vasy_65_2621/vasy_65_2621.boa,nlogn,65537,12.564156532287598,28.66796875,0.16
ltsbenchmarks/vlts-benchmarks/vasy_65_2621/vasy_65_2621.boa,nlogn,65537,12.564156532287598,28.609375,0.16
ltsbenchmarks/vlts-benchmarks/vasy_65_2621/vasy_65_2621.boa,nlogn,65537,12.564156532287598,28.10546875,0.16
ltsbenchmarks/vlts-benchmarks/vasy_65_2621/vasy_65_2621.boa,nlogn,65537,12.564156532287598,27.40625,0.18
ltsbenchmarks/vlts-benchmarks/vasy_65_2621/vasy_65_2621.boa,nlogn,65537,12.564156532287598,28.04296875,0.16
ltsbenchmarks/vlts-benchmarks/vasy_65_2621/vasy_65_2621.boa,nlogn,65537,12.564156532287598,28.1171875,0.16
ltsbenchmarks/vlts-benchmarks/vasy_65_2621/vasy_65_2621.boa,nlogn,65537,12.564156532287598,28.0390625,0.15
ltsbenchmarks/vlts-benchmarks/vasy_65_2621/vasy_65_2621.boa,nlogn,65537,12.564156532287598,28.12109375,0.15
ltsbenchmarks/vlts-benchmarks/vasy_10_56/vasy_10_56.boa,nlogn,10849,0.2795839309692383,2.578125,0.01
ltsbenchmarks/vlts-benchmarks/vasy_10_56/vasy_10_56.boa,nlogn,10849,0.2795839309692383,2.58984375,0.01
ltsbenchmarks/vlts-benchmarks/vasy_10_56/vasy_10_56.boa,nlogn,10849,0.2795839309692383,2.5703125,0.01
ltsbenchmarks/vlts-benchmarks/vasy_10_56/vasy_10_56.boa,nlogn,10849,0.2795839309692383,2.56640625,0.01
ltsbenchmarks/vlts-benchmarks/vasy_10_56/vasy_10_56.boa,nlogn,10849,0.2795839309692383,2.5625,0.01
ltsbenchmarks/vlts-benchmarks/vasy_10_56/vasy_10_56.boa,nlogn,10849,0.2795839309692383,2.56640625,0.01
ltsbenchmarks/vlts-benchmarks/vasy_10_56/vasy_10_56.boa,nlogn,10849,0.2795839309692383,2.5703125,0.01
ltsbenchmarks/vlts-benchmarks/vasy_10_56/vasy_10_56.boa,nlogn,10849,0.2795839309692383,2.57421875,0.01
ltsbenchmarks/vlts-benchmarks/vasy_10_56/vasy_10_56.boa,nlogn,10849,0.2795839309692383,2.57421875,0.01
ltsbenchmarks/vlts-benchmarks/vasy_10_56/vasy_10_56.boa,nlogn,10849,0.2795839309692383,2.5625,0.01
ltsbenchmarks/vlts-benchmarks/vasy_1_4/vasy_1_4.boa,nlogn,1183,0.023879051208496094,1.58984375,0.0
ltsbenchmarks/vlts-benchmarks/vasy_1_4/vasy_1_4.boa,nlogn,1183,0.023879051208496094,1.59375,0.0
ltsbenchmarks/vlts-benchmarks/vasy_1_4/vasy_1_4.boa,nlogn,1183,0.023879051208496094,1.59765625,0.0
ltsbenchmarks/vlts-benchmarks/vasy_1_4/vasy_1_4.boa,nlogn,1183,0.023879051208496094,1.5859375,0.0
ltsbenchmarks/vlts-benchmarks/vasy_1_4/vasy_1_4.boa,nlogn,1183,0.023879051208496094,1.59765625,0.0
ltsbenchmarks/vlts-benchmarks/vasy_1_4/vasy_1_4.boa,nlogn,1183,0.023879051208496094,1.58203125,0.0
ltsbenchmarks/vlts-benchmarks/vasy_1_4/vasy_1_4.boa,nlogn,1183,0.023879051208496094,1.58203125,0.0
ltsbenchmarks/vlts-benchmarks/vasy_1_4/vasy_1_4.boa,nlogn,1183,0.023879051208496094,1.5859375,0.0
ltsbenchmarks/vlts-benchmarks/vasy_1_4/vasy_1_4.boa,nlogn,1183,0.023879051208496094,1.59375,0.0
ltsbenchmarks/vlts-benchmarks/vasy_1_4/vasy_1_4.boa,nlogn,1183,0.023879051208496094,1.58984375,0.0
ltsbenchmarks/vlts-benchmarks/cwi_142_925/cwi_142_925.boa,nlogn,142472,4.550126075744629,15.46875,0.12
ltsbenchmarks/vlts-benchmarks/cwi_142_925/cwi_142_925.boa,nlogn,142472,4.550126075744629,15.5390625,0.11
ltsbenchmarks/vlts-benchmarks/cwi_142_925/cwi_142_925.boa,nlogn,142472,4.550126075744629,15.48046875,0.1
ltsbenchmarks/vlts-benchmarks/cwi_142_925/cwi_142_925.boa,nlogn,142472,4.550126075744629,15.8359375,0.11
ltsbenchmarks/vlts-benchmarks/cwi_142_925/cwi_142_925.boa,nlogn,142472,4.550126075744629,15.53515625,0.11
ltsbenchmarks/vlts-benchmarks/cwi_142_925/cwi_142_925.boa,nlogn,142472,4.550126075744629,15.484375,0.11
ltsbenchmarks/vlts-benchmarks/cwi_142_925/cwi_142_925.boa,nlogn,142472,4.550126075744629,15.5390625,0.1
ltsbenchmarks/vlts-benchmarks/cwi_142_925/cwi_142_925.boa,nlogn,142472,4.550126075744629,15.48046875,0.1
ltsbenchmarks/vlts-benchmarks/cwi_142_925/cwi_142_925.boa,nlogn,142472,4.550126075744629,15.7890625,0.1
ltsbenchmarks/vlts-benchmarks/cwi_142_925/cwi_142_925.boa,nlogn,142472,4.550126075744629,15.50390625,0.11
ltsbenchmarks/vlts-benchmarks/cwi_214_684/cwi_214_684.boa,nlogn,214202,3.4693078994750977,15.7109375,0.31
ltsbenchmarks/vlts-benchmarks/cwi_214_684/cwi_214_684.boa,nlogn,214202,3.4693078994750977,16.21484375,0.31
ltsbenchmarks/vlts-benchmarks/cwi_214_684/cwi_214_684.boa,nlogn,214202,3.4693078994750977,16.08984375,0.24
ltsbenchmarks/vlts-benchmarks/cwi_214_684/cwi_214_684.boa,nlogn,214202,3.4693078994750977,16.21875,0.23
ltsbenchmarks/vlts-benchmarks/cwi_214_684/cwi_214_684.boa,nlogn,214202,3.4693078994750977,16.18359375,0.22
ltsbenchmarks/vlts-benchmarks/cwi_214_684/cwi_214_684.boa,nlogn,214202,3.4693078994750977,15.98828125,0.22
ltsbenchmarks/vlts-benchmarks/cwi_214_684/cwi_214_684.boa,nlogn,214202,3.4693078994750977,16.34765625,0.22
ltsbenchmarks/vlts-benchmarks/cwi_214_684/cwi_214_684.boa,nlogn,214202,3.4693078994750977,16.17578125,0.23
ltsbenchmarks/vlts-benchmarks/cwi_214_684/cwi_214_684.boa,nlogn,214202,3.4693078994750977,16.38671875,0.21
ltsbenchmarks/vlts-benchmarks/cwi_214_684/cwi_214_684.boa,nlogn,214202,3.4693078994750977,16.12890625,0.21
ltsbenchmarks/vlts-benchmarks/vasy_18_73/vasy_18_73.boa,nlogn,18746,0.36763858795166016,3.078125,0.01
ltsbenchmarks/vlts-benchmarks/vasy_18_73/vasy_18_73.boa,nlogn,18746,0.36763858795166016,3.171875,0.01
ltsbenchmarks/vlts-benchmarks/vasy_18_73/vasy_18_73.boa,nlogn,18746,0.36763858795166016,3.16796875,0.01
ltsbenchmarks/vlts-benchmarks/vasy_18_73/vasy_18_73.boa,nlogn,18746,0.36763858795166016,3.171875,0.01
ltsbenchmarks/vlts-benchmarks/vasy_18_73/vasy_18_73.boa,nlogn,18746,0.36763858795166016,3.171875,0.01
ltsbenchmarks/vlts-benchmarks/vasy_18_73/vasy_18_73.boa,nlogn,18746,0.36763858795166016,3.1640625,0.01
ltsbenchmarks/vlts-benchmarks/vasy_18_73/vasy_18_73.boa,nlogn,18746,0.36763858795166016,3.203125,0.01
ltsbenchmarks/vlts-benchmarks/vasy_18_73/vasy_18_73.boa,nlogn,18746,0.36763858795166016,3.16015625,0.01
ltsbenchmarks/vlts-benchmarks/vasy_18_73/vasy_18_73.boa,nlogn,18746,0.36763858795166016,3.17578125,0.01
ltsbenchmarks/vlts-benchmarks/vasy_18_73/vasy_18_73.boa,nlogn,18746,0.36763858795166016,3.12109375,0.01
ltsbenchmarks/vlts-benchmarks/vasy_1112_5290/vasy_1112_5290.boa,nlogn,1112490,26.29120445251465,92.828125,0.92
ltsbenchmarks/vlts-benchmarks/vasy_1112_5290/vasy_1112_5290.boa,nlogn,1112490,26.29120445251465,93.65625,0.91
ltsbenchmarks/vlts-benchmarks/vasy_1112_5290/vasy_1112_5290.boa,nlogn,1112490,26.29120445251465,91.82421875,0.92
ltsbenchmarks/vlts-benchmarks/vasy_1112_5290/vasy_1112_5290.boa,nlogn,1112490,26.29120445251465,93.6171875,0.92
ltsbenchmarks/vlts-benchmarks/vasy_1112_5290/vasy_1112_5290.boa,nlogn,1112490,26.29120445251465,92.8203125,0.89
ltsbenchmarks/vlts-benchmarks/vasy_1112_5290/vasy_1112_5290.boa,nlogn,1112490,26.29120445251465,92.94140625,0.9
ltsbenchmarks/vlts-benchmarks/vasy_1112_5290/vasy_1112_5290.boa,nlogn,1112490,26.29120445251465,93.54296875,0.88
ltsbenchmarks/vlts-benchmarks/vasy_1112_5290/vasy_1112_5290.boa,nlogn,1112490,26.29120445251465,91.82421875,0.95
ltsbenchmarks/vlts-benchmarks/vasy_1112_5290/vasy_1112_5290.boa,nlogn,1112490,26.29120445251465,92.8046875,1.07
ltsbenchmarks/vlts-benchmarks/vasy_1112_5290/vasy_1112_5290.boa,nlogn,1112490,26.29120445251465,93.12890625,0.94
ltsbenchmarks/vlts-benchmarks/vasy_8_38/vasy_8_38.boa,nlogn,8921,0.1931924819946289,2.328125,0.0
ltsbenchmarks/vlts-benchmarks/vasy_8_38/vasy_8_38.boa,nlogn,8921,0.1931924819946289,2.32421875,0.0
ltsbenchmarks/vlts-benchmarks/vasy_8_38/vasy_8_38.boa,nlogn,8921,0.1931924819946289,2.265625,0.0
ltsbenchmarks/vlts-benchmarks/vasy_8_38/vasy_8_38.boa,nlogn,8921,0.1931924819946289,2.3125,0.0
ltsbenchmarks/vlts-benchmarks/vasy_8_38/vasy_8_38.boa,nlogn,8921,0.1931924819946289,2.32421875,0.0
ltsbenchmarks/vlts-benchmarks/vasy_8_38/vasy_8_38.boa,nlogn,8921,0.1931924819946289,2.3203125,0.0
ltsbenchmarks/vlts-benchmarks/vasy_8_38/vasy_8_38.boa,nlogn,8921,0.1931924819946289,2.3125,0.0
ltsbenchmarks/vlts-benchmarks/vasy_8_38/vasy_8_38.boa,nlogn,8921,0.1931924819946289,2.3125,0.0
ltsbenchmarks/vlts-benchmarks/vasy_8_38/vasy_8_38.boa,nlogn,8921,0.1931924819946289,2.3203125,0.0
ltsbenchmarks/vlts-benchmarks/vasy_8_38/vasy_8_38.boa,nlogn,8921,0.1931924819946289,2.3125,0.0
ltsbenchmarks/vlts-benchmarks/vasy_157_297/vasy_157_297.boa,nlogn,157604,2.15828800201416,11.19140625,0.07
ltsbenchmarks/vlts-benchmarks/vasy_157_297/vasy_157_297.boa,nlogn,157604,2.15828800201416,10.99609375,0.07
ltsbenchmarks/vlts-benchmarks/vasy_157_297/vasy_157_297.boa,nlogn,157604,2.15828800201416,11.01953125,0.07
ltsbenchmarks/vlts-benchmarks/vasy_157_297/vasy_157_297.boa,nlogn,157604,2.15828800201416,11.0546875,0.07
ltsbenchmarks/vlts-benchmarks/vasy_157_297/vasy_157_297.boa,nlogn,157604,2.15828800201416,10.9765625,0.07
ltsbenchmarks/vlts-benchmarks/vasy_157_297/vasy_157_297.boa,nlogn,157604,2.15828800201416,10.9921875,0.07
ltsbenchmarks/vlts-benchmarks/vasy_157_297/vasy_157_297.boa,nlogn,157604,2.15828800201416,10.96875,0.07
ltsbenchmarks/vlts-benchmarks/vasy_157_297/vasy_157_297.boa,nlogn,157604,2.15828800201416,11.01953125,0.07
ltsbenchmarks/vlts-benchmarks/vasy_157_297/vasy_157_297.boa,nlogn,157604,2.15828800201416,11.28515625,0.07
ltsbenchmarks/vlts-benchmarks/vasy_157_297/vasy_157_297.boa,nlogn,157604,2.15828800201416,11.453125,0.07
ltsbenchmarks/vlts-benchmarks/cwi_1_2/cwi_1_2.boa,nlogn,1952,0.014708518981933594,1.71484375,0.0
ltsbenchmarks/vlts-benchmarks/cwi_1_2/cwi_1_2.boa,nlogn,1952,0.014708518981933594,1.69921875,0.0
ltsbenchmarks/vlts-benchmarks/cwi_1_2/cwi_1_2.boa,nlogn,1952,0.014708518981933594,1.7109375,0.0
ltsbenchmarks/vlts-benchmarks/cwi_1_2/cwi_1_2.boa,nlogn,1952,0.014708518981933594,1.7109375,0.0
ltsbenchmarks/vlts-benchmarks/cwi_1_2/cwi_1_2.boa,nlogn,1952,0.014708518981933594,1.70703125,0.0
ltsbenchmarks/vlts-benchmarks/cwi_1_2/cwi_1_2.boa,nlogn,1952,0.014708518981933594,1.69921875,0.0
ltsbenchmarks/vlts-benchmarks/cwi_1_2/cwi_1_2.boa,nlogn,1952,0.014708518981933594,1.6953125,0.0
ltsbenchmarks/vlts-benchmarks/cwi_1_2/cwi_1_2.boa,nlogn,1952,0.014708518981933594,1.71484375,0.0
ltsbenchmarks/vlts-benchmarks/cwi_1_2/cwi_1_2.boa,nlogn,1952,0.014708518981933594,1.70703125,0.0
ltsbenchmarks/vlts-benchmarks/cwi_1_2/cwi_1_2.boa,nlogn,1952,0.014708518981933594,1.70703125,0.0
ltsbenchmarks/vlts-benchmarks/vasy_69_520/vasy_69_520.boa,nlogn,69754,2.5607595443725586,10.875,0.05
ltsbenchmarks/vlts-benchmarks/vasy_69_520/vasy_69_520.boa,nlogn,69754,2.5607595443725586,11.04296875,0.05
ltsbenchmarks/vlts-benchmarks/vasy_69_520/vasy_69_520.boa,nlogn,69754,2.5607595443725586,11.2265625,0.05
ltsbenchmarks/vlts-benchmarks/vasy_69_520/vasy_69_520.boa,nlogn,69754,2.5607595443725586,11.43359375,0.05
ltsbenchmarks/vlts-benchmarks/vasy_69_520/vasy_69_520.boa,nlogn,69754,2.5607595443725586,10.8984375,0.05
ltsbenchmarks/vlts-benchmarks/vasy_69_520/vasy_69_520.boa,nlogn,69754,2.5607595443725586,11.08984375,0.05
ltsbenchmarks/vlts-benchmarks/vasy_69_520/vasy_69_520.boa,nlogn,69754,2.5607595443725586,11.25,0.05
ltsbenchmarks/vlts-benchmarks/vasy_69_520/vasy_69_520.boa,nlogn,69754,2.5607595443725586,11.25,0.05
ltsbenchmarks/vlts-benchmarks/vasy_69_520/vasy_69_520.boa,nlogn,69754,2.5607595443725586,11.1171875,0.05
ltsbenchmarks/vlts-benchmarks/vasy_69_520/vasy_69_520.boa,nlogn,69754,2.5607595443725586,11.05078125,0.05
ltsbenchmarks/vlts-benchmarks/vasy_83_325/vasy_83_325.boa,nlogn,83436,2.3743858337402344,9.8515625,0.04
ltsbenchmarks/vlts-benchmarks/vasy_83_325/vasy_83_325.boa,nlogn,83436,2.3743858337402344,10.21875,0.05
ltsbenchmarks/vlts-benchmarks/vasy_83_325/vasy_83_325.boa,nlogn,83436,2.3743858337402344,10.08984375,0.04
ltsbenchmarks/vlts-benchmarks/vasy_83_325/vasy_83_325.boa,nlogn,83436,2.3743858337402344,10.2265625,0.04
ltsbenchmarks/vlts-benchmarks/vasy_83_325/vasy_83_325.boa,nlogn,83436,2.3743858337402344,9.57421875,0.04
ltsbenchmarks/vlts-benchmarks/vasy_83_325/vasy_83_325.boa,nlogn,83436,2.3743858337402344,10.109375,0.04
ltsbenchmarks/vlts-benchmarks/vasy_83_325/vasy_83_325.boa,nlogn,83436,2.3743858337402344,9.578125,0.04
ltsbenchmarks/vlts-benchmarks/vasy_83_325/vasy_83_325.boa,nlogn,83436,2.3743858337402344,9.84765625,0.04
ltsbenchmarks/vlts-benchmarks/vasy_83_325/vasy_83_325.boa,nlogn,83436,2.3743858337402344,10.125,0.05
ltsbenchmarks/vlts-benchmarks/vasy_83_325/vasy_83_325.boa,nlogn,83436,2.3743858337402344,9.9453125,0.04
ltsbenchmarks/vlts-benchmarks/vasy_25_25/vasy_25_25.boa,nlogn,25217,0.3132333755493164,4.17578125,0.0
ltsbenchmarks/vlts-benchmarks/vasy_25_25/vasy_25_25.boa,nlogn,25217,0.3132333755493164,4.23828125,0.0
ltsbenchmarks/vlts-benchmarks/vasy_25_25/vasy_25_25.boa,nlogn,25217,0.3132333755493164,4.140625,0.0
ltsbenchmarks/vlts-benchmarks/vasy_25_25/vasy_25_25.boa,nlogn,25217,0.3132333755493164,4.27734375,0.0
ltsbenchmarks/vlts-benchmarks/vasy_25_25/vasy_25_25.boa,nlogn,25217,0.3132333755493164,4.125,0.0
ltsbenchmarks/vlts-benchmarks/vasy_25_25/vasy_25_25.boa,nlogn,25217,0.3132333755493164,4.18359375,0.0
ltsbenchmarks/vlts-benchmarks/vasy_25_25/vasy_25_25.boa,nlogn,25217,0.3132333755493164,4.36328125,0.0
ltsbenchmarks/vlts-benchmarks/vasy_25_25/vasy_25_25.boa,nlogn,25217,0.3132333755493164,4.19921875,0.0
ltsbenchmarks/vlts-benchmarks/vasy_25_25/vasy_25_25.boa,nlogn,25217,0.3132333755493164,4.2578125,0.0
ltsbenchmarks/vlts-benchmarks/vasy_25_25/vasy_25_25.boa,nlogn,25217,0.3132333755493164,4.1328125,0.0
ltsbenchmarks/vlts-benchmarks/vasy_12323_27667/vasy_12323_27667.boa,nlogn,12323703,143.68462944030762,745.9765625,8.95
ltsbenchmarks/vlts-benchmarks/vasy_12323_27667/vasy_12323_27667.boa,nlogn,12323703,143.68462944030762,717.48828125,8.6
ltsbenchmarks/vlts-benchmarks/vasy_12323_27667/vasy_12323_27667.boa,nlogn,12323703,143.68462944030762,725.51171875,8.92
ltsbenchmarks/vlts-benchmarks/vasy_12323_27667/vasy_12323_27667.boa,nlogn,12323703,143.68462944030762,734.4765625,8.91
ltsbenchmarks/vlts-benchmarks/vasy_12323_27667/vasy_12323_27667.boa,nlogn,12323703,143.68462944030762,686.7734375,8.93
ltsbenchmarks/vlts-benchmarks/vasy_12323_27667/vasy_12323_27667.boa,nlogn,12323703,143.68462944030762,714.4765625,8.77
ltsbenchmarks/vlts-benchmarks/vasy_12323_27667/vasy_12323_27667.boa,nlogn,12323703,143.68462944030762,734.484375,8.36
ltsbenchmarks/vlts-benchmarks/vasy_12323_27667/vasy_12323_27667.boa,nlogn,12323703,143.68462944030762,689.01953125,8.11
ltsbenchmarks/vlts-benchmarks/vasy_12323_27667/vasy_12323_27667.boa,nlogn,12323703,143.68462944030762,734.50390625,7.55
ltsbenchmarks/vlts-benchmarks/vasy_12323_27667/vasy_12323_27667.boa,nlogn,12323703,143.68462944030762,686.6484375,7.61
ltsbenchmarks/vlts-benchmarks/vasy_6120_11031/vasy_6120_11031.boa,nlogn,6120718,58.4399356842041,344.64453125,2.61
ltsbenchmarks/vlts-benchmarks/vasy_6120_11031/vasy_6120_11031.boa,nlogn,6120718,58.4399356842041,324.87890625,2.56
ltsbenchmarks/vlts-benchmarks/vasy_6120_11031/vasy_6120_11031.boa,nlogn,6120718,58.4399356842041,324.8515625,2.44
ltsbenchmarks/vlts-benchmarks/vasy_6120_11031/vasy_6120_11031.boa,nlogn,6120718,58.4399356842041,324.8515625,2.64
ltsbenchmarks/vlts-benchmarks/vasy_6120_11031/vasy_6120_11031.boa,nlogn,6120718,58.4399356842041,324.44921875,2.7
ltsbenchmarks/vlts-benchmarks/vasy_6120_11031/vasy_6120_11031.boa,nlogn,6120718,58.4399356842041,345.21484375,2.5
ltsbenchmarks/vlts-benchmarks/vasy_6120_11031/vasy_6120_11031.boa,nlogn,6120718,58.4399356842041,340.125,2.88
ltsbenchmarks/vlts-benchmarks/vasy_6120_11031/vasy_6120_11031.boa,nlogn,6120718,58.4399356842041,324.78515625,2.6
ltsbenchmarks/vlts-benchmarks/vasy_6120_11031/vasy_6120_11031.boa,nlogn,6120718,58.4399356842041,328.84765625,2.49
ltsbenchmarks/vlts-benchmarks/vasy_6120_11031/vasy_6120_11031.boa,nlogn,6120718,58.4399356842041,332.96875,2.44
ltsbenchmarks/vlts-benchmarks/cwi_7838_59101/cwi_7838_59101.boa,nlogn,7838608,289.29250621795654,816.14453125,19.25
ltsbenchmarks/vlts-benchmarks/cwi_7838_59101/cwi_7838_59101.boa,nlogn,7838608,289.29250621795654,813.7734375,20.71
ltsbenchmarks/vlts-benchmarks/cwi_7838_59101/cwi_7838_59101.boa,nlogn,7838608,289.29250621795654,816.30859375,20.9
ltsbenchmarks/vlts-benchmarks/cwi_7838_59101/cwi_7838_59101.boa,nlogn,7838608,289.29250621795654,816.390625,20.61
ltsbenchmarks/vlts-benchmarks/cwi_7838_59101/cwi_7838_59101.boa,nlogn,7838608,289.29250621795654,816.13671875,20.93
ltsbenchmarks/vlts-benchmarks/cwi_7838_59101/cwi_7838_59101.boa,nlogn,7838608,289.29250621795654,815.63671875,20.35
ltsbenchmarks/vlts-benchmarks/cwi_7838_59101/cwi_7838_59101.boa,nlogn,7838608,289.29250621795654,811.64453125,20.23
ltsbenchmarks/vlts-benchmarks/cwi_7838_59101/cwi_7838_59101.boa,nlogn,7838608,289.29250621795654,816.53125,20.69
ltsbenchmarks/vlts-benchmarks/cwi_7838_59101/cwi_7838_59101.boa,nlogn,7838608,289.29250621795654,811.11328125,20.18
ltsbenchmarks/vlts-benchmarks/cwi_7838_59101/cwi_7838_59101.boa,nlogn,7838608,289.29250621795654,810.15625,20.58
ltsbenchmarks/vlts-benchmarks/cwi_3_14/cwi_3_14.boa,nlogn,3996,0.07466506958007812,1.8203125,0.0
ltsbenchmarks/vlts-benchmarks/cwi_3_14/cwi_3_14.boa,nlogn,3996,0.07466506958007812,1.81640625,0.0
ltsbenchmarks/vlts-benchmarks/cwi_3_14/cwi_3_14.boa,nlogn,3996,0.07466506958007812,1.80859375,0.0
ltsbenchmarks/vlts-benchmarks/cwi_3_14/cwi_3_14.boa,nlogn,3996,0.07466506958007812,1.81640625,0.0
ltsbenchmarks/vlts-benchmarks/cwi_3_14/cwi_3_14.boa,nlogn,3996,0.07466506958007812,1.80859375,0.0
ltsbenchmarks/vlts-benchmarks/cwi_3_14/cwi_3_14.boa,nlogn,3996,0.07466506958007812,1.82421875,0.0
ltsbenchmarks/vlts-benchmarks/cwi_3_14/cwi_3_14.boa,nlogn,3996,0.07466506958007812,1.8203125,0.0
ltsbenchmarks/vlts-benchmarks/cwi_3_14/cwi_3_14.boa,nlogn,3996,0.07466506958007812,1.82421875,0.0
ltsbenchmarks/vlts-benchmarks/cwi_3_14/cwi_3_14.boa,nlogn,3996,0.07466506958007812,1.8203125,0.0
ltsbenchmarks/vlts-benchmarks/cwi_3_14/cwi_3_14.boa,nlogn,3996,0.07466506958007812,1.81640625,0.0
ltsbenchmarks/vlts-benchmarks/vasy_66_1302/vasy_66_1302.boa,nlogn,66929,6.27687931060791,17.8125,0.1
ltsbenchmarks/vlts-benchmarks/vasy_66_1302/vasy_66_1302.boa,nlogn,66929,6.27687931060791,17.75,0.1
ltsbenchmarks/vlts-benchmarks/vasy_66_1302/vasy_66_1302.boa,nlogn,66929,6.27687931060791,17.98828125,0.09
ltsbenchmarks/vlts-benchmarks/vasy_66_1302/vasy_66_1302.boa,nlogn,66929,6.27687931060791,17.6875,0.1
ltsbenchmarks/vlts-benchmarks/vasy_66_1302/vasy_66_1302.boa,nlogn,66929,6.27687931060791,17.80859375,0.1
ltsbenchmarks/vlts-benchmarks/vasy_66_1302/vasy_66_1302.boa,nlogn,66929,6.27687931060791,17.66796875,0.09
ltsbenchmarks/vlts-benchmarks/vasy_66_1302/vasy_66_1302.boa,nlogn,66929,6.27687931060791,17.9453125,0.1
ltsbenchmarks/vlts-benchmarks/vasy_66_1302/vasy_66_1302.boa,nlogn,66929,6.27687931060791,18.0703125,0.1
ltsbenchmarks/vlts-benchmarks/vasy_66_1302/vasy_66_1302.boa,nlogn,66929,6.27687931060791,17.8046875,0.1
ltsbenchmarks/vlts-benchmarks/vasy_66_1302/vasy_66_1302.boa,nlogn,66929,6.27687931060791,17.98046875,0.1
ltsbenchmarks/vlts-benchmarks/vasy_574_13561/vasy_574_13561.boa,nlogn,574057,65.69483280181885,141.015625,2.79
ltsbenchmarks/vlts-benchmarks/vasy_574_13561/vasy_574_13561.boa,nlogn,574057,65.69483280181885,143.55859375,2.85
ltsbenchmarks/vlts-benchmarks/vasy_574_13561/vasy_574_13561.boa,nlogn,574057,65.69483280181885,140.47265625,2.9
ltsbenchmarks/vlts-benchmarks/vasy_574_13561/vasy_574_13561.boa,nlogn,574057,65.69483280181885,140.625,2.9
ltsbenchmarks/vlts-benchmarks/vasy_574_13561/vasy_574_13561.boa,nlogn,574057,65.69483280181885,140.5078125,2.95
ltsbenchmarks/vlts-benchmarks/vasy_574_13561/vasy_574_13561.boa,nlogn,574057,65.69483280181885,140.640625,2.91
ltsbenchmarks/vlts-benchmarks/vasy_574_13561/vasy_574_13561.boa,nlogn,574057,65.69483280181885,140.44921875,2.91
ltsbenchmarks/vlts-benchmarks/vasy_574_13561/vasy_574_13561.boa,nlogn,574057,65.69483280181885,143.39453125,2.94
ltsbenchmarks/vlts-benchmarks/vasy_574_13561/vasy_574_13561.boa,nlogn,574057,65.69483280181885,141.0078125,2.95
ltsbenchmarks/vlts-benchmarks/vasy_574_13561/vasy_574_13561.boa,nlogn,574057,65.69483280181885,140.53515625,2.95
ltsbenchmarks/vlts-benchmarks/vasy_11026_24660/vasy_11026_24660.boa,nlogn,11026932,128.1080560684204,637.78515625,7.8
ltsbenchmarks/vlts-benchmarks/vasy_11026_24660/vasy_11026_24660.boa,nlogn,11026932,128.1080560684204,671.84765625,7.76
ltsbenchmarks/vlts-benchmarks/vasy_11026_24660/vasy_11026_24660.boa,nlogn,11026932,128.1080560684204,637.7890625,7.83
ltsbenchmarks/vlts-benchmarks/vasy_11026_24660/vasy_11026_24660.boa,nlogn,11026932,128.1080560684204,679.86328125,7.78
ltsbenchmarks/vlts-benchmarks/vasy_11026_24660/vasy_11026_24660.boa,nlogn,11026932,128.1080560684204,629.93359375,8.18
ltsbenchmarks/vlts-benchmarks/vasy_11026_24660/vasy_11026_24660.boa,nlogn,11026932,128.1080560684204,665.171875,7.14
ltsbenchmarks/vlts-benchmarks/vasy_11026_24660/vasy_11026_24660.boa,nlogn,11026932,128.1080560684204,629.9765625,6.96
ltsbenchmarks/vlts-benchmarks/vasy_11026_24660/vasy_11026_24660.boa,nlogn,11026932,128.1080560684204,619.97265625,7.3
ltsbenchmarks/vlts-benchmarks/vasy_11026_24660/vasy_11026_24660.boa,nlogn,11026932,128.1080560684204,625.9140625,7.3
ltsbenchmarks/vlts-benchmarks/vasy_11026_24660/vasy_11026_24660.boa,nlogn,11026932,128.1080560684204,679.10546875,7.07
ltsbenchmarks/vlts-benchmarks/cwi_2416_17605/cwi_2416_17605.boa,nlogn,2416632,86.25614929199219,249.48046875,1.72
ltsbenchmarks/vlts-benchmarks/cwi_2416_17605/cwi_2416_17605.boa,nlogn,2416632,86.25614929199219,247.3828125,1.77
ltsbenchmarks/vlts-benchmarks/cwi_2416_17605/cwi_2416_17605.boa,nlogn,2416632,86.25614929199219,256.82421875,1.7
ltsbenchmarks/vlts-benchmarks/cwi_2416_17605/cwi_2416_17605.boa,nlogn,2416632,86.25614929199219,247.23046875,1.7
ltsbenchmarks/vlts-benchmarks/cwi_2416_17605/cwi_2416_17605.boa,nlogn,2416632,86.25614929199219,249.5625,1.62
ltsbenchmarks/vlts-benchmarks/cwi_2416_17605/cwi_2416_17605.boa,nlogn,2416632,86.25614929199219,248.3359375,1.75
ltsbenchmarks/vlts-benchmarks/cwi_2416_17605/cwi_2416_17605.boa,nlogn,2416632,86.25614929199219,252.6484375,1.8
ltsbenchmarks/vlts-benchmarks/cwi_2416_17605/cwi_2416_17605.boa,nlogn,2416632,86.25614929199219,252.171875,1.8
ltsbenchmarks/vlts-benchmarks/cwi_2416_17605/cwi_2416_17605.boa,nlogn,2416632,86.25614929199219,247.31640625,1.8
ltsbenchmarks/vlts-benchmarks/cwi_2416_17605/cwi_2416_17605.boa,nlogn,2416632,86.25614929199219,254.53125,1.71
ltsbenchmarks/vlts-benchmarks/vasy_5_9/vasy_5_9.boa,nlogn,5486,0.05283546447753906,1.9140625,0.0
ltsbenchmarks/vlts-benchmarks/vasy_5_9/vasy_5_9.boa,nlogn,5486,0.05283546447753906,1.9140625,0.0
ltsbenchmarks/vlts-benchmarks/vasy_5_9/vasy_5_9.boa,nlogn,5486,0.05283546447753906,1.9140625,0.0
ltsbenchmarks/vlts-benchmarks/vasy_5_9/vasy_5_9.boa,nlogn,5486,0.05283546447753906,1.91796875,0.0
ltsbenchmarks/vlts-benchmarks/vasy_5_9/vasy_5_9.boa,nlogn,5486,0.05283546447753906,1.92578125,0.0
ltsbenchmarks/vlts-benchmarks/vasy_5_9/vasy_5_9.boa,nlogn,5486,0.05283546447753906,1.90234375,0.0
ltsbenchmarks/vlts-benchmarks/vasy_5_9/vasy_5_9.boa,nlogn,5486,0.05283546447753906,1.9296875,0.0
ltsbenchmarks/vlts-benchmarks/vasy_5_9/vasy_5_9.boa,nlogn,5486,0.05283546447753906,1.90625,0.0
ltsbenchmarks/vlts-benchmarks/vasy_5_9/vasy_5_9.boa,nlogn,5486,0.05283546447753906,1.91015625,0.0
ltsbenchmarks/vlts-benchmarks/vasy_5_9/vasy_5_9.boa,nlogn,5486,0.05283546447753906,1.9140625,0.0
ltsbenchmarks/vlts-benchmarks/vasy_166_651/vasy_166_651.boa,nlogn,166464,4.5998382568359375,16.23046875,0.12
ltsbenchmarks/vlts-benchmarks/vasy_166_651/vasy_166_651.boa,nlogn,166464,4.5998382568359375,16.15234375,0.12
ltsbenchmarks/vlts-benchmarks/vasy_166_651/vasy_166_651.boa,nlogn,166464,4.5998382568359375,16.34765625,0.12
ltsbenchmarks/vlts-benchmarks/vasy_166_651/vasy_166_651.boa,nlogn,166464,4.5998382568359375,16.25390625,0.12
ltsbenchmarks/vlts-benchmarks/vasy_166_651/vasy_166_651.boa,nlogn,166464,4.5998382568359375,16.34765625,0.12
ltsbenchmarks/vlts-benchmarks/vasy_166_651/vasy_166_651.boa,nlogn,166464,4.5998382568359375,16.234375,0.12
ltsbenchmarks/vlts-benchmarks/vasy_166_651/vasy_166_651.boa,nlogn,166464,4.5998382568359375,15.2734375,0.12
ltsbenchmarks/vlts-benchmarks/vasy_166_651/vasy_166_651.boa,nlogn,166464,4.5998382568359375,16.34765625,0.12
ltsbenchmarks/vlts-benchmarks/vasy_166_651/vasy_166_651.boa,nlogn,166464,4.5998382568359375,16.23046875,0.12
ltsbenchmarks/vlts-benchmarks/vasy_166_651/vasy_166_651.boa,nlogn,166464,4.5998382568359375,17.13671875,0.12
ltsbenchmarks/vlts-benchmarks/vasy_164_1619/vasy_164_1619.boa,nlogn,164865,7.8796586990356445,22.66796875,0.31
ltsbenchmarks/vlts-benchmarks/vasy_164_1619/vasy_164_1619.boa,nlogn,164865,7.8796586990356445,22.0625,0.31
ltsbenchmarks/vlts-benchmarks/vasy_164_1619/vasy_164_1619.boa,nlogn,164865,7.8796586990356445,22.67578125,0.31
ltsbenchmarks/vlts-benchmarks/vasy_164_1619/vasy_164_1619.boa,nlogn,164865,7.8796586990356445,22.00390625,0.31
ltsbenchmarks/vlts-benchmarks/vasy_164_1619/vasy_164_1619.boa,nlogn,164865,7.8796586990356445,22.6640625,0.31
ltsbenchmarks/vlts-benchmarks/vasy_164_1619/vasy_164_1619.boa,nlogn,164865,7.8796586990356445,22.66015625,0.31
ltsbenchmarks/vlts-benchmarks/vasy_164_1619/vasy_164_1619.boa,nlogn,164865,7.8796586990356445,22.06640625,0.31
ltsbenchmarks/vlts-benchmarks/vasy_164_1619/vasy_164_1619.boa,nlogn,164865,7.8796586990356445,22.01953125,0.3
ltsbenchmarks/vlts-benchmarks/vasy_164_1619/vasy_164_1619.boa,nlogn,164865,7.8796586990356445,22.69921875,0.3
ltsbenchmarks/vlts-benchmarks/vasy_164_1619/vasy_164_1619.boa,nlogn,164865,7.8796586990356445,22.0546875,0.31
ltsbenchmarks/vlts-benchmarks/vasy_8_24/vasy_8_24.boa,nlogn,8879,0.12633323669433594,2.2109375,0.0
ltsbenchmarks/vlts-benchmarks/vasy_8_24/vasy_8_24.boa,nlogn,8879,0.12633323669433594,2.2109375,0.0
ltsbenchmarks/vlts-benchmarks/vasy_8_24/vasy_8_24.boa,nlogn,8879,0.12633323669433594,2.1796875,0.0
ltsbenchmarks/vlts-benchmarks/vasy_8_24/vasy_8_24.boa,nlogn,8879,0.12633323669433594,2.1796875,0.0
ltsbenchmarks/vlts-benchmarks/vasy_8_24/vasy_8_24.boa,nlogn,8879,0.12633323669433594,2.203125,0.0
ltsbenchmarks/vlts-benchmarks/vasy_8_24/vasy_8_24.boa,nlogn,8879,0.12633323669433594,2.1796875,0.0
ltsbenchmarks/vlts-benchmarks/vasy_8_24/vasy_8_24.boa,nlogn,8879,0.12633323669433594,2.171875,0.0
ltsbenchmarks/vlts-benchmarks/vasy_8_24/vasy_8_24.boa,nlogn,8879,0.12633323669433594,2.203125,0.0
ltsbenchmarks/vlts-benchmarks/vasy_8_24/vasy_8_24.boa,nlogn,8879,0.12633323669433594,2.20703125,0.0
ltsbenchmarks/vlts-benchmarks/vasy_8_24/vasy_8_24.boa,nlogn,8879,0.12633323669433594,2.203125,0.0
